{
  "China": "Beijing",
  "India": "New Delhi",
  "United States": "Washington, D.C.",
  "Brazil": "Brasília",
  "Indonesia": "Jakarta",
  "Russia": "Moscow",
  "Pakistan": "Islamabad",
  "Nigeria": "Abuja",
  "Mexico": "Mexico City",
  "Ethiopia": "Addis Ababa",
  "Canada": "Ottawa",
  "Australia": "Canberra",
  "DR Congo": "Kinshasa",
  "Egypt": "Cairo",
  "Iran": "Tehran",
  "Turkey": "Ankara",
  "Germany": "Berlin",
  "France": "Paris",
  "Thailand": "Bangkok",
  "United Kingdom": "London",
  "South Africa": "Pretoria",
  "Italy": "Rome",
  "Tanzania": "Dodoma",
  "Myanmar": "Naypyidaw",
  "South Korea": "Seoul",
  "Colombia": "Bogotá",
  "Kenya": "Nairobi",
  "Spain": "Madrid",
  "Argentina": "Buenos Aires",
  "Algeria": "Algiers",
  "Sudan": "Khartoum",
  "Ukraine": "Kyiv",
  "Iraq": "Baghdad",
  "Afghanistan": "Kabul",
  "Poland": "Warsaw",
  "Morocco": "Rabat",
  "Saudi Arabia": "Riyadh",
  "Uzbekistan": "Tashkent",
  "Peru": "Lima",
  "Angola": "Luanda",
  "Malaysia": "Kuala Lumpur",
  "Mozambique": "Maputo",
  "Ghana": "Accra",
  "Yemen": "Sana'a",
  "Nepal": "Kathmandu",
  "Venezuela": "Caracas",
  "Madagascar": "Antananarivo",
  "Cameroon": "Yaoundé",
  "Ivory Coast": "Yamoussoukro",
  "North Korea": "Pyongyang",
  "Niger": "Niamey",
  "Mali": "Bamako",
  "Burkina Faso": "Ouagadougou",
  "Sri Lanka": "Sri Jayawardenepura Kotte",
  "Kazakhstan": "Astana",
  "Malawi": "Lilongwe",
  "Zambia": "Lusaka",
  "Romania": "Bucharest",
  "Chile": "Santiago",
  "Syria": "Damascus",
  "Guatemala": "Guatemala City",
  "Ecuador": "Quito",
  "Netherlands": "Amsterdam",
  "Senegal": "Dakar",
  "Cambodia": "Phnom Penh",
  "Chad": "N'Djamena",
  "Somalia": "Mogadishu",
  "Zimbabwe": "Harare",
  "Guinea": "Conakry",
  "Rwanda": "Kigali",
  "Benin": "Porto-Novo",
  "Burundi": "Gitega",
  "Tunisia": "Tunis",
  "Bolivia": "Sucre",
  "Belgium": "Brussels",
  "Haiti": "Port-au-Prince",
  "Cuba": "Havana",
  "South Sudan": "Juba",
  "Dominican Republic": "Santo Domingo",
  "Czech Republic": "Prague",
  "Greece": "Athens",
  "Portugal": "Lisbon",
  "Azerbaijan": "Baku",
  "Sweden": "Stockholm",
  "Honduras": "Tegucigalpa",
  "United Arab Emirates": "Abu Dhabi",
  "Hungary": "Budapest",
  "Tajikistan": "Dushanbe",
  "Belarus": "Minsk",
  "Austria": "Vienna",
  "Papua New Guinea": "Port Moresby",
  "Serbia": "Belgrade",
  "Switzerland": "Bern",
  "Israel": "Jerusalem",
  "Togo": "Lomé",
  "Sierra Leone": "Freetown",
  "Laos": "Vientiane",
  "Paraguay": "Asunción",
  "Bulgaria": "Sofia",
  "Libya": "Tripoli",
  "Lebanon": "Beirut",
  "Nicaragua": "Managua",
  "Kyrgyzstan": "Bishkek",
  "El Salvador": "San Salvador",
  "Turkmenistan": "Ashgabat",
  "Singapore": "Singapore",
  "Denmark": "Copenhagen",
  "Finland": "Helsinki",
  "Slovakia": "Bratislava",
  "Norway": "Oslo",
  "Oman": "Muscat",
  "Ireland": "Dublin",
  "New Zealand": "Wellington",
  "Central African Republic": "Bangui",
  "Costa Rica": "San José",
  "Liberia": "Monrovia",
  "Mauritania": "Nouakchott",
  "Panama": "Panama City",
  "Kuwait": "Kuwait City",
  "Croatia": "Zagreb",
  "Georgia": "Tbilisi",
  "Eritrea": "Asmara",
  "Uruguay": "Montevideo",
  "Mongolia": "Ulaanbaatar",
  "Bosnia and Herzegovina": "Sarajevo",
  "Puerto Rico": "San Juan",
  "Armenia": "Yerevan",
  "Albania": "Tirana",
  "Lithuania": "Vilnius",
  "Jamaica": "Kingston",
  "Moldova": "Chisinau",
  "Namibia": "Windhoek",
  "Gambia": "Banjul",
  "Botswana": "Gaborone",
  "Gabon": "Libreville",
  "Slovenia": "Ljubljana",
  "Latvia": "Riga",
  "North Macedonia": "Skopje",
  "Guinea-Bissau": "Bissau",
  "Equatorial Guinea": "Malabo",
  "Trinidad and Tobago": "Port of Spain",
  "Estonia": "Tallinn",
  "Timor-Leste": "Dili",
  "Mauritius": "Port Louis",
  "Cyprus": "Nicosia",
  "Eswatini": "Mbabane",
  "Djibouti": "Djibouti",
  "Fiji": "Suva",
  "Comoros": "Moroni",
  "Guyana": "Georgetown",
  "Bhutan": "Thimphu",
  "Solomon Islands": "Honiara",
  "Montenegro": "Podgorica",
  "Luxembourg": "Luxembourg",
  "Suriname": "Paramaribo",
  "Cabo Verde": "Praia",
  "Malta": "Valletta",
  "Maldives": "Male",
  "Brunei": "Bandar Seri Begawan",
  "Belize": "Belmopan",
  "Bahamas": "Nassau",
  "Iceland": "Reykjavík",
  "Vanuatu": "Port Vila",
  "Barbados": "Bridgetown",
  "Samoa": "Apia",
  "Saint Lucia": "Castries",
  "Kiribati": "South Tarawa",
  "Grenada": "St. George's",
  "Tonga": "Nuku'alofa",
  "Seychelles": "Victoria",
  "Antigua and Barbuda": "St. John's",
  "Andorra": "Andorra la Vella",
  "Dominica": "Roseau",
  "Saint Kitts and Nevis": "Basseterre",
  "Marshall Islands": "Majuro",
  "Liechtenstein": "Vaduz",
  "Monaco": "Monaco",
  "San Marino": "San Marino",
  "Palau": "Ngerulmud",
  "Tuvalu": "Funafuti",
  "Nauru": "Yaren",
  "Vatican City": "Vatican City"
}